{
    "Entries": [
        {
            "Texture": "mytexture.png",
            "StartHeight": 0,
            "FadeBegin": 0.89999997615814209,
            "FadeEnd": 1,
            "Color": {
                "r": 0.68999999761581421,
                "g": 0.54000002145767212,
                "b": 0.38999998569488525,
                "a": 1
            }
        }
    ]
}
